{"cameraMode":{"drawMode":0,"name":"Shaded","section":"Shading Mode"},"sceneLighting":true,"audioPlay":false,"sceneViewState":{"showFog":true,"showMaterialUpdate":false,"showSkybox":true,"showFlares":true,"showImageEffects":true,"showParticleSystems":true},"in2DMode":false,"pivot":{"x":0.031412772834300998,"y":-0.236083984375,"z":0.03768999129533768},"rotation":{"x":0.004124653525650501,"y":0.9954255223274231,"z":-0.08080631494522095,"w":0.05081069469451904},"size":1.1638779640197755,"orthographic":true}