{"cameraMode":{"drawMode":0,"name":"Shaded","section":"Shading Mode"},"sceneLighting":false,"audioPlay":false,"sceneViewState":{"showFog":true,"showMaterialUpdate":false,"showSkybox":false,"showFlares":true,"showImageEffects":true,"showParticleSystems":true},"in2DMode":false,"pivot":{"x":-0.02369999885559082,"y":-0.036299943923950198,"z":0.9246141910552979},"rotation":{"x":0.004124653525650501,"y":0.9954255223274231,"z":-0.08080631494522095,"w":0.05081069469451904},"size":4.28727912902832,"orthographic":true}