{"cameraMode":{"drawMode":0,"name":"Shaded","section":"Shading Mode"},"sceneLighting":true,"audioPlay":false,"sceneViewState":{"showFog":true,"showMaterialUpdate":false,"showSkybox":true,"showFlares":true,"showImageEffects":true,"showParticleSystems":true},"in2DMode":false,"pivot":{"x":-0.1441650390625,"y":-0.1748046875,"z":0.031982421875},"rotation":{"x":0.32376039028167727,"y":0.2952643036842346,"z":-0.10711120069026947,"w":0.8924830555915833},"size":1.8716732263565064,"orthographic":true}