{"cameraMode":{"drawMode":0,"name":"Shaded","section":"Shading Mode"},"sceneLighting":true,"audioPlay":false,"sceneViewState":{"showFog":true,"showMaterialUpdate":false,"showSkybox":true,"showFlares":true,"showImageEffects":true,"showParticleSystems":true},"in2DMode":false,"pivot":{"x":0.322021484375,"y":0.3759765625,"z":0.6533203125},"rotation":{"x":-0.18598048388957978,"y":-0.1392018347978592,"z":0.02662578411400318,"w":-0.9722789525985718},"size":8.296006202697754,"orthographic":true}