{"cameraMode":{"drawMode":0,"name":"Shaded","section":"Shading Mode"},"sceneLighting":true,"audioPlay":false,"sceneViewState":{"showFog":true,"showMaterialUpdate":false,"showSkybox":true,"showFlares":true,"showImageEffects":true,"showParticleSystems":true},"in2DMode":false,"pivot":{"x":-0.1441650390625,"y":-0.1748046875,"z":0.031982421875},"rotation":{"x":0.048459380865097049,"y":0.9514997005462647,"z":-0.21927744150161744,"w":0.2102774977684021},"size":10.401445388793946,"orthographic":true}