{"cameraMode":{"drawMode":0,"name":"Shaded","section":"Shading Mode"},"sceneLighting":true,"audioPlay":false,"sceneViewState":{"showFog":true,"showMaterialUpdate":false,"showSkybox":true,"showFlares":true,"showImageEffects":true,"showParticleSystems":true},"in2DMode":false,"pivot":{"x":-0.0718841552734375,"y":-0.215972900390625,"z":-0.0166015625},"rotation":{"x":0.004124653525650501,"y":0.9954255223274231,"z":-0.08080631494522095,"w":0.05081069469451904},"size":1.1638779640197755,"orthographic":true}