{"cameraMode":{"drawMode":0,"name":"Shaded","section":"Shading Mode"},"sceneLighting":true,"audioPlay":false,"sceneViewState":{"showFog":true,"showMaterialUpdate":false,"showSkybox":true,"showFlares":true,"showImageEffects":true,"showParticleSystems":true},"in2DMode":false,"pivot":{"x":-0.7966575622558594,"y":-0.5827178955078125,"z":0.0560302734375},"rotation":{"x":0.3132951855659485,"y":0.1434183567762375,"z":-0.04792558401823044,"w":0.9375407099723816},"size":0.46181511878967287,"orthographic":true}