{"cameraMode":{"drawMode":0,"name":"Shaded","section":"Shading Mode"},"sceneLighting":true,"audioPlay":false,"sceneViewState":{"showFog":true,"showMaterialUpdate":false,"showSkybox":true,"showFlares":true,"showImageEffects":true,"showParticleSystems":true},"in2DMode":false,"pivot":{"x":-0.10986328125,"y":0.0977783203125,"z":0.3209228515625},"rotation":{"x":0.45181217789649966,"y":-0.2689489424228668,"z":0.14497554302215577,"w":0.8381599187850952},"size":0.8262340426445007,"orthographic":true}