{"cameraMode":{"drawMode":0,"name":"Shaded","section":"Shading Mode"},"sceneLighting":false,"audioPlay":false,"sceneViewState":{"showFog":true,"showMaterialUpdate":false,"showSkybox":false,"showFlares":true,"showImageEffects":true,"showParticleSystems":true},"in2DMode":false,"pivot":{"x":-0.02369999885559082,"y":-0.036299943923950198,"z":0.9246141910552979},"rotation":{"x":0.26281043887138369,"y":-0.3902420103549957,"z":0.11722324043512345,"w":0.8745753169059753},"size":4.28727912902832,"orthographic":true}