{"cameraMode":{"drawMode":0,"name":"Shaded","section":"Shading Mode"},"sceneLighting":true,"audioPlay":false,"sceneViewState":{"showFog":true,"showMaterialUpdate":false,"showSkybox":true,"showFlares":true,"showImageEffects":true,"showParticleSystems":true},"in2DMode":false,"pivot":{"x":0.00799560546875,"y":0.00201416015625,"z":-0.00152587890625},"rotation":{"x":0.25078636407852175,"y":0.3487311899662018,"z":-0.09741192311048508,"w":0.8977722525596619},"size":1.0288721323013306,"orthographic":true}