{"cameraMode":{"drawMode":0,"name":"Shaded","section":"Shading Mode"},"sceneLighting":true,"audioPlay":false,"sceneViewState":{"showFog":true,"showMaterialUpdate":false,"showSkybox":false,"showFlares":true,"showImageEffects":true,"showParticleSystems":true},"in2DMode":false,"pivot":{"x":0.46435546875,"y":2.48681640625,"z":0.037109375},"rotation":{"x":0.04997739568352699,"y":-0.12550723552703858,"z":0.006330676842480898,"w":0.9908122420310974},"size":11.60545539855957,"orthographic":true}