{"cameraMode":{"drawMode":0,"name":"Shaded","section":"Shading Mode"},"sceneLighting":true,"audioPlay":false,"sceneViewState":{"showFog":true,"showMaterialUpdate":false,"showSkybox":true,"showFlares":true,"showImageEffects":true,"showParticleSystems":true},"in2DMode":false,"pivot":{"x":0.058837890625,"y":-0.062744140625,"z":-0.1046600341796875},"rotation":{"x":0.0008975350647233427,"y":-0.01350035984069109,"z":0.000011798380910477135,"w":0.999907374382019},"size":2.5764496326446535,"orthographic":true}