{"cameraMode":{"drawMode":0,"name":"Shaded","section":"Shading Mode"},"sceneLighting":true,"audioPlay":false,"sceneViewState":{"showFog":true,"showMaterialUpdate":false,"showSkybox":true,"showFlares":true,"showImageEffects":true,"showParticleSystems":true},"in2DMode":false,"pivot":{"x":-0.12530517578125,"y":-0.09375,"z":-0.022705078125},"rotation":{"x":-0.40608811378479006,"y":-0.13329541683197022,"z":0.06000515818595886,"w":-0.9020666480064392},"size":0.5588165521621704,"orthographic":true}