{"cameraMode":{"drawMode":0,"name":"Shaded","section":"Shading Mode"},"sceneLighting":true,"audioPlay":false,"sceneViewState":{"showFog":true,"showMaterialUpdate":false,"showSkybox":true,"showFlares":true,"showImageEffects":true,"showParticleSystems":true},"in2DMode":false,"pivot":{"x":0.05399152263998985,"y":0.011718767695128918,"z":1.2703973054885865},"rotation":{"x":0.7207470536231995,"y":-0.004159136209636927,"z":0.004324642010033131,"w":0.69317227602005},"size":8.819208145141602,"orthographic":true}