{"cameraMode":{"drawMode":0,"name":"Shaded","section":"Shading Mode"},"sceneLighting":true,"audioPlay":false,"sceneViewState":{"showFog":true,"showMaterialUpdate":false,"showSkybox":true,"showFlares":true,"showImageEffects":true,"showParticleSystems":true},"in2DMode":false,"pivot":{"x":-0.17599038779735566,"y":0.943748950958252,"z":-0.6035334467887878},"rotation":{"x":0.38640356063842776,"y":0.2702683210372925,"z":-0.11952845752239227,"w":0.873703122138977},"size":2.057255983352661,"orthographic":true}