{"cameraMode":{"drawMode":0,"name":"Shaded","section":"Shading Mode"},"sceneLighting":true,"audioPlay":false,"sceneViewState":{"showFog":true,"showMaterialUpdate":false,"showSkybox":true,"showFlares":true,"showImageEffects":true,"showParticleSystems":true},"in2DMode":false,"pivot":{"x":-0.2693138122558594,"y":0.20269775390625,"z":-0.21929931640625},"rotation":{"x":0.41501113772392275,"y":0.03982912749052048,"z":-0.018227968364953996,"w":0.90875244140625},"size":0.3933286964893341,"orthographic":true}