{"cameraMode":{"drawMode":0,"name":"Shaded","section":"Shading Mode"},"sceneLighting":true,"audioPlay":false,"sceneViewState":{"showFog":true,"showMaterialUpdate":false,"showSkybox":true,"showFlares":true,"showImageEffects":true,"showParticleSystems":true},"in2DMode":false,"pivot":{"x":-0.0159912109375,"y":-0.170562744140625,"z":0.1650390625},"rotation":{"x":0.15044960379600526,"y":-0.3884219527244568,"z":0.06441126018762589,"w":0.9068247079849243},"size":0.6773603558540344,"orthographic":true}